img,title,subtitle,post,date
https://picsum.photos/2000,Vancouver,Leaving Vancouver!,"Mauris blandit purus eros. Sed accumsan euismod enim, non condimentum sem. Donec sollicitudin vestibulum felis, id efficitur arcu convallis euismod. Sed id nibh vestibulum, porta nunc sit amet, cursus augue. Nunc ornare orci eget laoreet eleifend. Proin eu ipsum sed risus finibus interdum. Praesent magna urna, scelerisque a felis non, aliquet tincidunt ligula. Ut vitae facilisis libero. Curabitur mollis lectus dolor, fermentum mollis turpis blandit at. Quisque bibendum velit mollis tortor dignissim tempor. Aliquam finibus a dolor et dictum. Aliquam fermentum mi a dolor condimentum, a commodo purus imperdiet. Pellentesque quis arcu nibh. Ut posuere rhoncus nibh.

Cras dictum mi a mi tristique malesuada. Orci varius natoque penatibus et magnis dis parturient montes, nascetur ridiculus mus. Vivamus congue, nibh a cursus facilisis, nibh orci aliquet eros, non lacinia odio urna dapibus nibh. Praesent aliquet molestie libero placerat auctor. In hac habitasse platea dictumst. Cras varius dictum interdum. Pellentesque viverra tortor auctor risus scelerisque fermentum. Sed ex lorem, consequat sed dignissim sit amet, luctus ut mauris. Class aptent taciti sociosqu ad litora torquent per conubia nostra, per inceptos himenaeos. Nunc consequat ultrices quam, sit amet ultrices tellus aliquam sit amet. Quisque lacus massa, blandit at ullamcorper et, facilisis ut urna. Aliquam vitae dolor quis nisl porttitor lobortis quis non mauris. Integer porttitor erat id velit efficitur consectetur. Aenean at libero risus.","March 26, 2022"
https://picsum.photos/2000/1000,Toronto,Layover in Toronto,"Ut commodo, nulla in viverra fringilla, odio magna posuere lacus, nec ultrices ipsum metus id ipsum. Donec a nunc vestibulum, porttitor mi sed, fermentum ante. Nulla nec ornare tellus, id lacinia mauris. Nam lorem quam, aliquet in ornare eget, venenatis sed enim. Nullam nec sem placerat, semper nibh faucibus, elementum metus. Nunc ut augue non ipsum ullamcorper vestibulum. Vivamus sed enim tincidunt, bibendum eros ac, tempor dui. Sed lobortis felis a finibus interdum. Quisque euismod in neque at egestas. Proin leo dui, efficitur quis urna a, tristique tincidunt nunc. Vivamus nec consequat odio. Integer semper elit eu urna elementum tempus.

Morbi id elit eros. Proin dictum tristique tincidunt. Phasellus sit amet dolor sit amet lectus egestas eleifend ac vitae arcu. Aenean nunc magna, vehicula tincidunt faucibus a, tempor dapibus ante. Aenean nec euismod leo. Proin sollicitudin pretium purus sed varius. Maecenas leo nunc, luctus eu tortor vitae, vehicula aliquam elit. Curabitur aliquam ipsum quam, vel fringilla diam pharetra et. Curabitur ante turpis, venenatis eu sollicitudin sit amet, faucibus euismod sem. Mauris et magna eros. Ut non tortor auctor, suscipit ex nec, ullamcorper ipsum. Morbi vel ex fermentum, convallis elit tincidunt, rutrum odio.

Mauris lacus quam, bibendum quis suscipit sed, vehicula at eros. Quisque rutrum pulvinar purus vulputate porta. Donec quis efficitur nisl. Nunc consectetur erat augue, sit amet egestas velit convallis tempus. Suspendisse commodo ac nunc et placerat. Nullam tincidunt sodales consequat. Donec dolor mauris, ornare non mi sit amet, dapibus maximus turpis. Nullam id fermentum risus. Sed dapibus metus justo, ut posuere purus venenatis vel. Nullam leo nisl, egestas eget mauris vitae, finibus lacinia augue. Donec tincidunt nisl felis, at sagittis orci blandit ac. Nullam sed ultrices metus, sit amet commodo leo. Cras varius ligula in sapien faucibus scelerisque. Donec cursus placerat dolor, quis blandit massa suscipit eget. Morbi vitae tortor vel metus auctor dictum. Praesent dapibus varius vehicula.","March 27, 2022"
https://picsum.photos/2000/3000,Brazil,Arrived in Brazi,"Mauris facilisis mi sit amet leo pharetra, sed aliquet tellus egestas. Proin tincidunt sodales odio, eget imperdiet ex ornare vitae. Sed maximus nec ante at vestibulum. Lorem ipsum dolor sit amet, consectetur adipiscing elit. Quisque accumsan aliquam est vitae vulputate. Mauris sit amet enim et ipsum ultrices ullamcorper nec a dolor. Curabitur tempor risus nisl, eget tincidunt lacus faucibus et. Aliquam erat volutpat. Pellentesque ultrices arcu vitae ultricies venenatis. Nulla facilisi. Nullam in imperdiet dolor, ut malesuada diam. Aliquam scelerisque at ante ac interdum. Nunc magna nisl, tristique id orci a, ultricies molestie risus.

Duis est leo, porttitor quis eleifend in, hendrerit eget augue. Ut sagittis augue eu ultrices suscipit. Cras sit amet venenatis leo. Phasellus ut porta eros. Fusce ultrices diam aliquet magna vestibulum semper. Pellentesque eu tincidunt augue, quis malesuada risus. Pellentesque tempor eleifend turpis quis porttitor.

Aenean quis ligula lorem. Nulla magna velit, tincidunt nec mauris in, pulvinar semper nisi. Aenean cursus, lacus non laoreet ornare, nisi est maximus nibh, eu viverra ipsum ligula eget justo. Maecenas in lorem enim. Nunc lobortis metus ut nulla interdum feugiat. Vestibulum ante ipsum primis in faucibus orci luctus et ultrices posuere cubilia curae; Proin ultrices, tellus sit amet feugiat lobortis, risus libero finibus orci, in congue purus lorem varius sem. In hac habitasse platea dictumst. Fusce vel sapien quis neque porta rhoncus. Aliquam eget turpis blandit, feugiat nisi quis, placerat sem. Cras ullamcorper eu neque vel gravida. Etiam aliquet eros ex, quis fermentum nisl tristique a. Vivamus id lectus ac odio sodales tristique. Sed aliquam nisl quis purus tincidunt, a varius ex sollicitudin. Cras in sapien risus. Sed sodales lacinia nisi, eu rhoncus diam accumsan in.","March 28, 2022"